id,query,baseline_response,rag_response,baseline_latency,rag_latency,timestamp,latency_diff_s
Q1,Wie soll laut Notfallprozedur bei einem Gasleck vorgegangen werden?,"{'test_id': 'api_1761473688', 'timestamp': '2025-10-26T10:15:48', 'model': 'gemini-2.5-flash', 'client': 'gemini', 'input': {'type': 'text', 'prompt': 'Wie soll laut Notfallprozedur bei einem Gasleck vorgegangen werden?'}, 'response': {'text': 'Bei einem Gasleck ist schnelles und korrektes Handeln entscheidend, um Gefahren wie Explosionen oder Vergiftungen zu vermeiden. Hier ist die Notfallprozedur:\n\n**1. Ruhe bewahren und Gefahr erkennen:**\n*   **Nehmen Sie den Geruch wahr?** Erdgas ist geruchlos, daher wird ein Geruchsstoff (oft wie faulige Eier oder Schwefel) beigemischt, um Lecks zu erkennen.\n*   **Hören Sie ein Zischen?** Dies kann ein Zeichen für ein größeres Leck sein.\n\n**2. Sofortige Maßnahmen – KEINE ZÜNDQUELLEN ERZEUGEN!**\n*   **Keine elektrischen Geräte betätigen:** Schalten Sie keine Lichtschalter an oder aus, ziehen Sie keine Stecker, bedienen Sie keine Elektrogeräte. Auch Türklingeln oder Garagentoröffner können Funken erzeugen.\n*   **Kein offenes Feuer:** Nicht rauchen, keine Feuerzeuge oder Streichhölzer benutzen.\n*   **Handys nicht im Gebäude benutzen:** Rufen Sie erst von außerhalb an.\n*   **Fenster und Türen öffnen:** Sorgen Sie für sofortige und maximale Belüftung, um das Gas zu verdünnen und abzuleiten.\n*   **Gashaupthahn schließen (falls sicher erreichbar):** Wenn der Haupthahn für die Gasversorgung leicht zugänglich ist und Sie ihn sicher erreichen können, drehen Sie ihn zu. Tun Sie dies nur, wenn Sie sich dabei nicht in Gefahr begeben.\n\n**3. Personen in Sicherheit bringen:**\n*   **Gebäude sofort verlassen:** Verlassen Sie umgehend das Gebäude. Helfen Sie anderen Anwesenden, ebenfalls das Gebäude zu verlassen.\n*   **Nachbarn warnen:** Informieren Sie Nachbarn im direkten Umfeld.\n*   **Sicherheitsabstand halten:** Begeben Sie sich in sicherer Entfernung zum Gebäude (mindestens 50-100 Meter).\n\n**4. Notruf tätigen – VON AUẞEN!**\n*   **Rufen Sie den Notruf 112 an** (Feuerwehr und Rettungsdienst).\n*   **Informieren Sie Ihren Gasversorger:** Notfallnummern der Gasversorger sind oft auf deren Websites oder in der Jahresabrechnung zu finden.\n*   **Geben Sie genaue Informationen:** Ort des Lecks (Adresse), Art des Geruchs, ob Personen betroffen sind oder Symptome zeigen (Übelkeit, Kopfschmerzen, Schwindel).\n\n**5. Nach der Evakuierung:**\n*   **Nicht zurückkehren:** Betreten Sie das Gebäude auf keinen Fall wieder, bevor die Feuerwehr oder der Gasversorger Entwarnung gegeben hat.\n*   **Anweisungen befolgen:** Halten Sie sich strikt an die Anweisungen der Einsatzkräfte.\n*   **Warten:** Bleiben Sie in sicherer Entfernung und warten Sie auf das Eintreffen der Rettungskräfte.\n\n**Zusammenfassend die wichtigsten Punkte:**\n1.  **Keine Zündquellen!**\n2.  **Fenster auf!**\n3.  **Raus aus dem Gebäude!**\n4.  **Von außen Hilfe rufen (112 und Gasversorger)!**\n5.  **Nicht zurückkehren, bevor Entwarnung gegeben wird!**', 'tokens': 362}, 'meta': {'status': 'success', 'runtime_seconds': 59.679}}","Der bereitgestellte Auszug aus der SOP beschreibt den **Zweck** der Notfallprozedur bei Gasleck (Personen- und Sachschäden vermeiden) und ihren **Geltungsbereich**.

Die **konkreten Schritte** oder Anweisungen, wie genau bei einem Gasleck vorgegangen werden soll, sind in diesem Textausschnitt **nicht enthalten**. Der Text gibt lediglich an, dass die Anweisung dieses Vorgehen beschreibt, aber nicht, wie es im Detail aussieht.",59.73,21.581,2025-10-26T10:16:09.651118,-38.149
Q2,Welche Schritte sind in der Wartungs-Checkliste für Pumpstation PS-100 enthalten?,"{'test_id': 'api_1761473769', 'timestamp': '2025-10-26T10:18:01', 'model': 'gemini-2.5-flash', 'client': 'gemini', 'input': {'type': 'text', 'prompt': 'Welche Schritte sind in der Wartungs-Checkliste für Pumpstation PS-100 enthalten?'}, 'response': {'text': 'Eine Wartungs-Checkliste für eine Pumpstation wie die ""PS-100"" ist entscheidend für einen zuverlässigen und effizienten Betrieb. Die genauen Schritte können je nach Art der Pumpe, des Mediums, der Komplexität der Station und den Herstellerempfehlungen variieren. Hier ist jedoch eine umfassende Vorlage, die Sie an Ihre spezifische PS-100 anpassen können:\n\n**Wartungs-Checkliste für Pumpstation PS-100**\n\n**Wartungsintervall:** (Täglich / Wöchentlich / Monatlich / Quartalsweise / Jährlich - bitte ankreuzen)\n\n**Datum:** __________ **Techniker:** ____________________ **Betriebsstunden Zählerstand:** __________\n\n---\n\n**I. Allgemeine Überprüfung & Sicherheit**\n\n*   **1. Sicherheit:**\n    *   Sicherheitsvorschriften beachten (LOTO - Lockout/Tagout, PSA - Persönliche Schutzausrüstung).\n    *   Zugang zur Station sichern (Gefahrenbereiche kennzeichnen).\n    *   Erste-Hilfe-Ausrüstung vorhanden und vollständig?\n    *   Not-Aus-Schalter auf Funktion prüfen (wenn gefordert, ggf. nur visuell).\n*   **2. Allgemeine Sichtprüfung:**\n    *   Station auf offensichtliche Schäden, Vandalismus oder unbefugten Zugriff prüfen.\n    *   Ordnung und Sauberkeit in und um die Station.\n    *   Unübliche Gerüche wahrgenommen (z.B. verbrannt, Fäulnis, Chemikalien)?\n*   **3. Protokoll- und Alarmprüfung:**\n    *   Letzte Wartungsberichte und Betriebsprotokolle einsehen.\n    *   SCADA/Leitsystem auf aktuelle Alarme oder Warnungen prüfen.\n\n---\n\n**II. Pumpen & Mechanik**\n\n*   **4. Pumpenbetrieb (Manuell/Auto-Test):**\n    *   Jede Pumpe einzeln im Automatik- und/oder Handbetrieb starten und laufen lassen.\n    *   Auf ungewöhnliche Geräusche (Kratzen, Klopfen, Heulen) oder Vibrationen achten.\n    *   Start- und Stoppzeiten prüfen.\n*   **5. Leckagen:**\n    *   Pumpendichtungen (Stopfbuchse, Gleitringdichtung) auf Undichtigkeiten prüfen.\n    *   Flanschverbindungen und Rohrleitungen auf Leckagen prüfen.\n*   **6. Lager:**\n    *   Lagertemperaturen manuell oder mit Infrarotthermometer prüfen (falls zugänglich).\n    *   Auf ungewöhnliche Geräusche von Lagern achten.\n    *   Schmierung prüfen und ggf. nach Herstellervorgabe nachschmieren (Fett/Ölwechsel).\n*   **7. Motor:**\n    *   Motortemperatur prüfen (nicht überhitzt).\n    *   Lüfter und Lüfterhaube auf Sauberkeit und freien Luftstrom prüfen.\n    *   Motor auf Vibrationen prüfen.\n    *   Kabelverbindungen visuell prüfen.\n*   **8. Kupplung:**\n    *   Sichtprüfung auf Beschädigungen oder übermäßigen Verschleiß.\n    *   Bei Bedarf: Ausrichtung und Spiel prüfen (seltener, meist jährliche Prüfung).\n*   **9. Impeller/Laufrad:**\n    *   (Falls zugänglich oder bei Demontage): Auf Verstopfungen, Beschädigungen oder Verschleiß prüfen.\n\n---\n\n**III. Elektrik & Steuerung**\n\n*   **10. Schaltschrank:**\n    *   Türen und Dichtungen auf Beschädigungen prüfen.\n    *   Auf Staub, Feuchtigkeit oder Schädlingsbefall prüfen und ggf. reinigen.\n    *   Alle Anzeigen (LEDs, Displays) auf Funktion prüfen.\n    *   Heizung/Lüftung im Schaltschrank prüfen (falls vorhanden).\n*   **11. Schutzschalter/Sicherungen:**\n    *   Sichtprüfung auf Beschädigungen.\n    *   Keine ausgelösten Schutzschalter.\n*   **12. Klemmen und Verkabelung:**\n    *   Sichtprüfung auf lockere Verbindungen, Korrosion oder Kabelbeschädigungen.\n*   **13. Füllstandssensoren (Schwimmer, Ultraschall, Drucksensor):**\n    *   Funktionstest: Schaltpunkte durch manuelles Anheben/Senken (Schwimmer) oder durch Anfahren der Füllstände prüfen.\n    *   Auf Verschmutzung prüfen und ggf. reinigen.\n    *   Kabel auf Beschädigungen prüfen.\n*   **14. Alarme:**\n    *   Hochwasser- und Niedrigwasser-Alarme testen (falls möglich und sicher).\n    *   Pumpenfehler-Alarme testen (falls simulierbar).\n*   **15. USV/Batteriepuffer (falls vorhanden):**\n    *   Funktion prüfen, Batteriezustand prüfen.\n\n---\n\n**IV. Rohrleitungen & Armaturen**\n\n*   **16. Rohrleitungen:**\n    *   Sichtprüfung auf Korrosion, Risse oder mechanische Beschädigungen.\n    *   Rohrhalterungen und Aufhängungen auf festen Sitz prüfen.\n*   **17. Ventile (Schieber, Absperrklappen, Rückschlagklappen):**\n    *   Manuell betätigbare Ventile auf Leichtgängigkeit prüfen (ggf. mehrmals öffnen/schließen).\n    *   Rückschlagklappen auf korrekte Funktion prüfen (kein Rückfluss bei Pumpenstillstand).\n    *   Auf Leckagen prüfen.\n*   **18. Manometer/Drucksensoren:**\n    *   Auf Funktion und plausible Werte prüfen.\n    *   Sichtprüfung auf Beschädigungen.\n\n---\n\n**V. Bauwerk & Umgebung**\n\n*   **19. Nasssumpf/Schacht:**\n    *   Auf Ablagerungen (Fette, Feststoffe, Sand) prüfen und ggf. reinigen.\n    *   Auf Verstopfungen an den Einläufen prüfen.\n    *   Sichtprüfung der Wände auf Beschädigungen oder Risse.\n*   **20. Trockenschacht (falls vorhanden):**\n    *   Auf Wassereintritt prüfen.\n    *   Schmutzwasserpumpe (Sumpfpumpe) auf Funktion prüfen.\n    *   Auf Sauberkeit prüfen.\n*   **21. Belüftung:**\n    *   Funktion der Belüftungsanlage prüfen (falls vorhanden).\n    *   Gitter und Filter auf Verstopfung prüfen und reinigen.\n*   **22. Beleuchtung:**\n    *   Alle Beleuchtungen in der Station auf Funktion prüfen.\n*   **23. Geruchsbeseitigung (falls vorhanden):**\n    *   Funktion und Zustand prüfen.\n\n---\n\n**VI. Dokumentation & Abschluss**\n\n*   **24. Ergebnisse dokumentieren:**\n    *   Alle Prüfungen auf der Checkliste abhaken.\n    *   Abweichungen, Mängel oder besondere Beobachtungen detailliert notieren.\n    *   Durchgeführte Reparaturen oder Einstellungen festhalten.\n*   **25. Maßnahmen einleiten:**\n    *   Erforderliche Folgemaßnahmen (Reparaturen, Ersatzteilbestellungen) planen und veranlassen.\n*   **26. Station wieder in Betrieb nehmen:**\n    *   Sicherstellen, dass alle Abdeckungen, Gitter und Schutzvorrichtungen wieder angebracht sind.\n    *   Station ordnungsgemäß verlassen.\n\n---\n\n**Zusätzliche Hinweise:**\n\n*   **Frequenz:** Die Frequenz der einzelnen Punkte muss an die Kritikalität der Anlage, die Betriebsbedingungen und die Herstellerempfehlungen angepasst werden. Manche Punkte sind täglich zu prüfen, andere monatlich, vierteljährlich oder jährlich.\n*   **Herstellerangaben:** Immer die spezifischen Wartungsanweisungen des Pumpen-, Motor- und Steuerungsherstellers beachten.\n*   **Ersatzteile:** Eine Liste der kritischen Ersatzteile und deren Verfügbarkeit kann die Wartung erleichtern.\n*   **Schulung:** Das Personal muss entsprechend geschult sein, um diese Arbeiten sicher und korrekt auszuführen.\n\nDiese detaillierte Checkliste hilft Ihnen, den Betrieb Ihrer PS-100 sicherzustellen und potenzielle Probleme frühzeitig zu erkennen.', 'tokens': 746}, 'meta': {'status': 'success', 'runtime_seconds': 112.1}}","Die Wartungs-Checkliste für Pumpstation PS-100 enthält folgende Schritte:

*   Sichtprüfung aller Rohrverbindungen auf Undichtigkeiten
*   Ölstand des Pumpenmotors prüfen
*   Drucksensor kalibrieren
*   Sicherheitsventil testen
*   Datenlogger überprüfen und Logdateien sichern
*   B (Dieser Schritt scheint unvollständig zu sein)",112.157,17.481,2025-10-26T10:18:19.292027,-94.67599999999999
Q3,Was beschreibt die Gerätespezifikation für den SmartMeter AQ-500?,"{'test_id': 'api_1761473899', 'timestamp': '2025-10-26T10:19:47', 'model': 'gemini-2.5-flash', 'client': 'gemini', 'input': {'type': 'text', 'prompt': 'Was beschreibt die Gerätespezifikation für den SmartMeter AQ-500?'}, 'response': {'text': 'Der **Gridspertise AQ-500** ist ein fortschrittlicher Smart Meter (intelligenter Stromzähler), der von Gridspertise (einem Unternehmen der Enel-Gruppe) entwickelt wurde. Er ist darauf ausgelegt, eine zentrale Rolle in modernen Advanced Metering Infrastructure (AMI)-Systemen zu spielen und richtet sich primär an den Einsatz in **Haushalten und kleinen Gewerbebetrieben**.\n\nDie Gerätespezifikation des AQ-500 beschreibt im Wesentlichen seine Fähigkeiten zur präzisen Energiemessung, seine Kommunikationsmöglichkeiten und seine Funktionen zur Unterstützung eines modernen Stromnetzes.\n\nHier sind die wesentlichen Merkmale, die die Spezifikation des AQ-500 umfasst:\n\n1.  **Messfunktionen:**\n    *   **Wirk- und Blindenergiemessung:** Misst sowohl den Energiebezug als auch die Energieeinspeisung (z.B. von PV-Anlagen) mit hoher Genauigkeit.\n    *   **Parameter:** Erfassung einer Vielzahl von Netzparametern wie Spannung (V), Strom (A), Leistung (Wirk-, Blind-, Scheinleistung), Frequenz (Hz) und Leistungsfaktor (cos φ).\n    *   **Mehrfachtarife:** Unterstützung für verschiedene Tarifstrukturen und Zeitfenster (Time-of-Use, TOU).\n    *   **Lastprofile:** Speicherung detaillierter Verbrauchs- und Einspeiseprofile über definierte Intervalle (z.B. 15-Minuten-Werte).\n\n2.  **Kommunikation:**\n    *   **Primäre Kommunikationsschnittstelle:** Oft Power Line Communication (PLC) wie G3-PLC oder PRIME für die Kommunikation mit dem Datenkonzentrator (Data Concentrator Unit, DCU) über das Stromnetz.\n    *   **Alternative/Sekundäre Kommunikationsmodule:** Kann auch Mobilfunk (GPRS, LTE-M, NB-IoT), Funk (RF) oder Ethernet-Schnittstellen integrieren.\n    *   **Lokale Schnittstellen:** Optische Schnittstelle (IEC 62056-21) für die lokale Auslesung und Konfiguration. Gegebenenfalls M-Bus oder RS-485 für die Anbindung externer Sensoren oder anderer Zähler (z.B. Gas, Wasser, Wärme).\n\n3.  **Datenmanagement:**\n    *   **Fernauslesung:** Ermöglicht die automatische und ferngesteuerte Auslesung der Zählerdaten.\n    *   **Fernsteuerung:** Funktionen wie das ferngesteuerte Trennen und Wiederverbinden (Disconnect/Reconnect) der Stromversorgung.\n    *   **Firmware-Updates:** Möglichkeit für Over-the-Air (OTA) Firmware-Updates.\n    *   **Ereignisprotokolle:** Aufzeichnung von netzrelevanten Ereignissen, Fehlern und Manipulationsversuchen.\n\n4.  **Sicherheitsfunktionen:**\n    *   **Manipulationsschutz:** Erkennung und Meldung von unbefugten Eingriffen am Zähler (z.B. Öffnen des Gehäuses, Beeinflussung der Messung).\n    *   **Datensicherheit:** Verschlüsselung und Authentifizierung der Kommunikationsdaten, um die Vertraulichkeit und Integrität der Messwerte zu gewährleisten.\n    *   **Sichere Firmware:** Schutz vor unautorisierten Firmware-Änderungen.\n\n5.  **Benutzeroberfläche:**\n    *   **Display:** Integriertes LCD-Display zur Anzeige von Verbrauchsdaten, aktuellen Tarifen und Statusinformationen für den Endkunden.\n    *   **Bedienfeld:** Tasten zur Navigation durch das Display-Menü.\n\n6.  **Weitere Merkmale:**\n    *   **Netzintegration:** Unterstützung für die Integration dezentraler Energieerzeugungsanlagen (z.B. PV) und für Demand-Response-Anwendungen.\n    *   **Modularität:** Oft modular aufgebaut, um flexibel auf zukünftige Anforderungen oder neue Kommunikationstechnologien reagieren zu können.\n    *   **Robuste Bauweise:** Entwickelt für eine lange Lebensdauer und den Einsatz unter verschiedenen Umgebungsbedingungen.\n\n7.  **Standards und Konformität:**\n    *   **MID (Measuring Instruments Directive):** Konformität mit der europäischen Richtlinie für Messgeräte, die Genauigkeit und Zuverlässigkeit sicherstellt.\n    *   **DLMS/COSEM:** Implementierung des Device Language Message Specification / Companion Specification for Energy Metering Protokolls für ein standardisiertes Datenmodell und einen herstellerunabhängigen Datenaustausch.\n    *   **Nationale Normen:** Einhaltung spezifischer nationaler Anforderungen und Zertifizierungen.\n\nZusammenfassend beschreibt die Gerätespezifikation des AQ-500 einen hochentwickelten, sicheren und kommunikationsfähigen Stromzähler, der für die Digitalisierung der Energienetze und die Ermöglichung neuer Smart-Grid-Dienste unerlässlich ist.', 'tokens': 444}, 'meta': {'status': 'success', 'runtime_seconds': 88.038}}","Die Gerätespezifikation für den SmartMeter AQ-500 beschreibt ein Gerät des Herstellers Energex GmbH, das für die Messung von Wasser- und Energieverbrauch konzipiert ist.

Hier sind die Details:

*   **Gerätename:** SmartMeter AQ-500
*   **Hersteller:** Energex GmbH
*   **Gerätetyp:** Zähler für Wasser- und Energieverbrauch
*   **Firmware-Version:** v3.2.1
*   **Kommunikationsprotokolle:** MQTT / Modbus RTU
*   **Nennspannung:** 230V AC
*   **Messbereich:** 0–100 m³/h
*   **Zulassungen:** EN 1434-1 / MID
*   **Wartungsintervall:** 12 Monate (jährlich)

Die Seriennummer (AQ500-24-0911) ist eine individuelle Kennzeichnung für ein spezifisches Gerät und gehört nicht zur allgemeinen Gerätespezifikation des Modells.",88.089,29.259,2025-10-26T10:20:16.643633,-58.83
Q4,Welche Fehlercodes sind in der Vorfallsliste 2025 aufgeführt?,"{'test_id': 'api_1761474016', 'timestamp': '2025-10-26T10:20:43', 'model': 'gemini-2.5-flash', 'client': 'gemini', 'input': {'type': 'text', 'prompt': 'Welche Fehlercodes sind in der Vorfallsliste 2025 aufgeführt?'}, 'response': {'text': 'Als KI habe ich keinen Zugriff auf spezifische, zukünftige oder interne Dokumente wie eine ""Vorfallsliste 2025"". Meine Kenntnisse basieren auf Daten bis zu meinem letzten Trainingsstand und ich habe keinen Echtzeit-Zugriff auf Datenbanken oder zukünftige Veröffentlichungen.\n\nUm die Fehlercodes aus der Vorfallsliste 2025 zu erfahren, müssten Sie diese Liste selbst einsehen. Wenn Sie Zugang zu diesem Dokument haben, können Sie es überprüfen.\n\nFalls Sie die Liste vor sich haben und bestimmte Fehlercodes oder Abschnitte zur Analyse bereitstellen möchten, helfe ich Ihnen gerne dabei, diese zu interpretieren oder zu verstehen.', 'tokens': 89}, 'meta': {'status': 'success', 'runtime_seconds': 26.571}}","Als KI habe ich leider keinen Zugriff auf spezifische oder interne Dokumente wie eine ""Vorfallsliste 2025"". Solche Listen sind in der Regel unternehmens- oder projektspezifisch und nicht öffentlich zugänglich.

Um Ihnen helfen zu können, müssten Sie mir den Inhalt der Vorfallsliste zur Verfügung stellen. Dann könnte ich die darin aufgeführten Fehlercodes analysieren und Ihnen mitteilen.",26.626,28.669,2025-10-26T10:21:11.942715,2.0429999999999993
Q5,Wie unterscheidet sich die Gasleck-SOP von einer typischen Wasserleck-Prozedur?,"{'test_id': 'api_1761474071', 'timestamp': '2025-10-26T10:23:02', 'model': 'gemini-2.5-flash', 'client': 'gemini', 'input': {'type': 'text', 'prompt': 'Wie unterscheidet sich die Gasleck-SOP von einer typischen Wasserleck-Prozedur?'}, 'response': {'text': 'Die SOP (Standard Operating Procedure) für ein Gasleck unterscheidet sich grundlegend von der für ein Wasserleck, hauptsächlich aufgrund des **wesentlich höheren und unmittelbaren Gefahrenpotenzials** von Gas. Hier sind die Hauptunterschiede:\n\n---\n\n**1. Gefahrenpotenzial:**\n\n*   **Gasleck:**\n    *   **Explosionsgefahr:** Gase wie Erdgas oder Propan sind hochentzündlich und können in Verbindung mit Sauerstoff explosive Gemische bilden. Ein Funke (z.B. durch Lichtschalter, Handy, Thermostate) kann eine Explosion auslösen.\n    *   **Brandgefahr:** Auch ohne Explosion kann austretendes Gas sich entzünden und einen Brand verursachen.\n    *   **Erstickungsgefahr:** Einige Gase (z.B. Erdgas, Kohlenmonoxid) können den Sauerstoff in der Atemluft verdrängen und zu Erstickung führen.\n    *   **Toxizität:** Manche Gase (z.B. Kohlenmonoxid, Schwefelwasserstoff) sind hochgiftig, auch in geringen Konzentrationen.\n    *   **Unsichtbar & Geruchlos (oft):** Erdgas ist von Natur aus geruchlos und wird daher odoriert (riecht nach faulen Eiern), aber Kohlenmonoxid ist immer geruchlos und unsichtbar.\n*   **Wasserleck:**\n    *   **Sachschaden:** Primär geht es um Schäden an Gebäuden, Inventar, Elektronik, Dokumenten.\n    *   **Rutschgefahr:** Nassböden können zu Stürzen führen.\n    *   **Elektrische Gefährdung:** Wasser kann Kurzschlüsse verursachen und die Gefahr eines Stromschlags erhöhen, wenn es mit elektrischen Anlagen in Kontakt kommt.\n    *   **Schimmelbildung:** Bei länger anhaltender Feuchtigkeit droht Schimmel, der gesundheitsschädlich sein kann.\n    *   **Strukturelle Schäden:** Bei großen, anhaltenden Lecks kann die Bausubstanz geschädigt werden.\n\n---\n\n**2. Erkennung und Ersteinschätzung:**\n\n*   **Gasleck:**\n    *   **Geruch:** Typischer Geruch (faule Eier) durch Odorierung.\n    *   **Geräusch:** Zischendes Geräusch bei höherem Druck.\n    *   **Visuell:** Tanzende Luft über der Austrittsstelle (selten), sterbende Vegetation in Bodennähe.\n    *   **Technisch:** Gaswarngeräte.\n    *   **Symptome bei Personen:** Kopfschmerzen, Übelkeit, Schwindel, Bewusstlosigkeit (insbesondere bei Kohlenmonoxid).\n*   **Wasserleck:**\n    *   **Visuell:** Sichtbares Wasser, Tropfen, Pfützen, nasse Flecken an Wänden/Decken.\n    *   **Geräusch:** Tropfen, plätschernde Geräusche.\n    *   **Druckabfall:** Im Wassersystem.\n\n---\n\n**3. Priorität der Maßnahmen:**\n\n*   **Gasleck:** **Menschenleben retten (Evakuierung) > Zündquellen vermeiden > Gaszufuhr unterbrechen (wenn sicher möglich).**\n*   **Wasserleck:** **Schaden begrenzen (Wasserzufuhr unterbrechen) > Sicherung der Umgebung (Strom abschalten, Rutschgefahr beseitigen).**\n\n---\n\n**4. Sofortmaßnahmen:**\n\n*   **Gasleck:**\n    *   **ABSOLUT KEINE ZÜNDQUELLEN!** Keine Lichtschalter betätigen, keine elektrischen Geräte ein- oder ausschalten, keine Handys benutzen (außer für den Notruf *außerhalb* des Gefahrenbereichs), kein offenes Feuer.\n    *   **Lüften:** Fenster und Türen vorsichtig öffnen, um das Gas zu verdünnen (wenn keine Explosionsgefahr durch die Betätigung des Fensterschlosses besteht).\n    *   **Evakuierung:** Personen sofort aus dem Gefahrenbereich bringen.\n    *   **Gaszufuhr unterbrechen:** Wenn der Hauptabsperrhahn leicht erreichbar und sicher zu bedienen ist.\n    *   **Notruf:** Feuerwehr (112) und/oder Gasversorger von *außerhalb* des Gebäudes alarmieren.\n*   **Wasserleck:**\n    *   **Wasserzufuhr unterbrechen:** Hauptwasserhahn oder Absperrhahn des betroffenen Bereichs schließen.\n    *   **Stromversorgung prüfen/abschalten:** Bei Kontakt von Wasser mit Elektrik, sofort die Stromversorgung am Hauptschalter unterbrechen (FI-Schalter auslösen).\n    *   **Schadensbegrenzung:** Wasser auffangen (Eimer, Tücher), Möbel und Geräte in Sicherheit bringen.\n    *   **Notruf:** Wenn nötig, Hausmeister, Klempner, Elektriker oder Notdienst informieren.\n\n---\n\n**5. Kommunikation & Alarmierung:**\n\n*   **Gasleck:**\n    *   **Sofortige Alarmierung** der Feuerwehr (112) und des Gasversorgers.\n    *   Klare Kommunikation der Situation (Wo, Was, Wie viele Personen, Geruch).\n    *   Warten auf Einsatzkräfte in sicherem Abstand.\n*   **Wasserleck:**\n    *   Primär interne Meldung (Hausmeister, Gebäudemanagement).\n    *   Je nach Ausmaß kann auch ein externer Klempner oder Elektriker notwendig sein.\n    *   Die Dringlichkeit ist meist geringer als bei Gas.\n\n---\n\n**6. Eindämmung / Behebung:**\n\n*   **Gasleck:**\n    *   Kann nicht physisch ""eingedämmt"" werden. Fokus liegt auf **Unterbrechung der Quelle** und **Verdünnung/Entlüftung** des Gases.\n    *   Behebung erfolgt ausschließlich durch geschultes Fachpersonal des Gasversorgers oder Notdienstes der Feuerwehr.\n*   **Wasserleck:**\n    *   Physische Eindämmung (Barrieren, Absperrungen, Aufsaugen).\n    *   Behebung durch Reparatur der undichten Stelle (Klempner, Wartungsdienst).\n\n---\n\n**7. Wiederherstellung:**\n\n*   **Gasleck:**\n    *   Professionelle Überprüfung der Anlage auf Dichtheit.\n    *   Freimessung der Räume durch Fachpersonal (kein Gas mehr vorhanden).\n    *   Inbetriebnahme nur durch den Gasversorger oder zertifizierten Installateur.\n    *   Lüftung der Räume nach Freigabe.\n*   **Wasserleck:**\n    *   Trocknung der betroffenen Bereiche (Trocknungsgeräte, Lüften).\n    *   Schadensbegutachtung und Reparatur von Folgeschäden.\n    *   Schimmelprävention/Beseitigung.\n\n---\n\n**Zusammenfassend:**\n\nDer entscheidende Unterschied liegt im **unmittelbaren Gefahrenpotenzial** für Leib und Leben. Ein Gasleck erfordert eine extrem schnelle, rigorose und vorsichtige Reaktion mit dem primären Ziel, **Explosionen und Vergiftungen zu verhindern**. Bei einem Wasserleck steht primär die **Begrenzung von Sachschäden und die Vermeidung von Sekundärgefahren** (Stromschlag, Rutschen) im Vordergrund. Die SOPs spiegeln diese unterschiedlichen Prioritäten und Risikobewertungen wider.', 'tokens': 668}, 'meta': {'status': 'success', 'runtime_seconds': 110.255}}","Die Gasleck-SOP unterscheidet sich von einer typischen Wasserleck-Prozedur grundlegend in den folgenden Aspekten, die hauptsächlich auf den unterschiedlichen Gefahrenpotenzialen der Substanzen basieren:

1.  **Primäre Gefahr:**
    *   **Gasleck:** Die Hauptgefahr sind Explosion, Brand und/oder Erstickung (durch Sauerstoffverdrängung oder toxische Gase wie Kohlenmonoxid). Dies sind unmittelbar lebensbedrohliche und katastrophale Risiken.
    *   **Wasserleck:** Die Hauptgefahr sind Sachschäden (an Gebäuden, Geräten, Einrichtung), elektrische Kurzschlüsse (Stromschlaggefahr), Rutschgefahr und langfristig Schimmelbildung. Während ein Stromschlag lebensbedrohlich sein kann, ist das Schadensausmaß in der Regel weniger explosiv und unmittelbar flächendeckend katastrophal als bei Gas.

2.  **Sofortmaßnahmen bei Entdeckung:**
    *   **Gasleck:** Der absolute Fokus liegt auf der sofortigen Evakuierung von Personen, der Vermeidung jeglicher Zündquellen (keine Lichtschalter betätigen, keine Handys benutzen, keine Funkgeräte, keine offenen Flammen) und der Verständigung von Notfalldiensten (Feuerwehr, Gasversorger). Das Betreten des Gefahrenbereichs ist nur für speziell geschultes Personal unter Schutzausrüstung erlaubt.
    *   **Wasserleck:** Der Fokus liegt auf dem Stoppen des Wasseraustritts (Absperren der Hauptwasserleitung), der Eindämmung des Wassers und der Sicherung elektrischer Anlagen. Evakuierungen sind meist nur bei sehr großen Überschwemmungen oder akuter Stromschlaggefahr nötig.

3.  **Umgang mit Zündquellen / Elektrizität:**
    *   **Gasleck:** Absolutes Verbot jeglicher Betätigung von elektrischen Geräten oder Schaltern. Jede Funkenbildung kann eine Explosion auslösen.
    *   **Wasserleck:** Sicherung der Elektrizität durch Abschalten von Sicherungen oder Hauptschaltern, um Kurzschlüsse und Stromschläge zu vermeiden, aber nicht wegen Explosionsgefahr.

4.  **Belüftung:**
    *   **Gasleck:** Natürliche Belüftung (Fenster und Türen öffnen, *wenn sicher möglich und keine elektrischen Lüfter eingeschaltet werden müssen*) ist wichtig, um das Gas zu verdünnen.
    *   **Wasserleck:** Belüftung ist wichtig für die Trocknung, aber nicht zur sofortigen Gefahrbeseitigung.

5.  **Zuständige Stellen:**
    *   **Gasleck:** Primär die Feuerwehr und der örtliche Gasversorger, da spezialisiertes Equipment und Fachwissen für die Lecksuche, Absperrung und Sicherung erforderlich sind.
    *   **Wasserleck:** In der Regel internes Wartungspersonal, externe Sanitärfirmen oder der Facility Manager. Öffentliche Notdienste werden nur bei größeren Überschwemmungen oder Gefährdungen der öffentlichen Infrastruktur hinzugezogen.

6.  **Wiederbetreten des Bereichs:**
    *   **Gasleck:** Ein Bereich darf erst wieder betreten werden, nachdem er von Fachpersonal freigegeben wurde und eine Messung bestätigt hat, dass keine Explosionsgefahr mehr besteht.
    *   **Wasserleck:** Der Bereich kann in der Regel nach Kontrolle der Leckage und Sicherung der Stromversorgung relativ schnell wieder betreten werden, um mit den Aufräumarbeiten zu beginnen.

Zusammenfassend lässt sich sagen, dass die Gasleck-SOP aufgrund des **unmittelbaren, explosionsartigen und lebensbedrohlichen Charakters** der Gefahr wesentlich strengere Regeln bezüglich Evakuierung, Zündquellenvermeidung und Einbeziehung von Notfalldiensten vorsieht als eine typische Wasserleck-Prozedur, die sich eher auf Sachschadensbegrenzung und Reparatur konzentriert.",110.324,79.524,2025-10-26T10:24:21.795016,-30.799999999999997
